trait,anova_F,anova_p,welch_F,welch_p,partial_eta_squared
Extraversion,7189.504976163565,0.0,12107.486027484254,0.0,0.38618094423468774
Emotional_Stability,5681.229882125344,0.0,22634.00792631026,0.0,0.3320675257822568
Agreeableness,30353.828954662014,0.0,47801.93862362781,0.0,0.726493905448092
Conscientiousness,14848.47721893191,0.0,104202.6574747092,0.0,0.5650985864159703
Openness,30686.478919586716,0.0,64977.271702716585,0.0,0.7286542794950452
